/*
Location in PPTX structure:
/ppt/presentation.xml
*/

<?xml version="1.0" encoding="UTF-8" standalone="yes"?>
<p:presentation xmlns:a="http://schemas.openxmlformats.org/drawingml/2006/main"
                xmlns:r="http://schemas.openxmlformats.org/officeDocument/2006/relationships"
                xmlns:p="http://schemas.openxmlformats.org/presentationml/2006/main">
    <p:sldMasterIdLst>
        <p:sldMasterId id="2147483648" r:id="rId1"/>
    </p:sldMasterIdLst>
    <p:sldIdLst>
        <p:sldId id="256" r:id="rId2"/>
    </p:sldIdLst>
    <p:sldSz cx="12192000" cy="6858000"/>
    <p:notesSz cx="6858000" cy="9144000"/>
</p:presentation>